time,username,ip,status
/Date(1790257073624)/,SYSTEM,-,SUCCESS
/Date(1790257071415)/,SYSTEM,-,SUCCESS
/Date(1790257070231)/,SYSTEM,-,SUCCESS
/Date(1790257067999)/,SYSTEM,-,SUCCESS
/Date(1790256813342)/,SYSTEM,-,SUCCESS
/Date(1790256783526)/,SYSTEM,-,SUCCESS
/Date(1790256763105)/,SYSTEM,-,SUCCESS
/Date(1790256763099)/,SYSTEM,-,SUCCESS
/Date(1790256763090)/,SYSTEM,-,SUCCESS
/Date(1790256763084)/,SYSTEM,-,SUCCESS
/Date(1790256763060)/,SYSTEM,-,SUCCESS
/Date(1790256763055)/,SYSTEM,-,SUCCESS
/Date(1790256763047)/,SYSTEM,-,SUCCESS
/Date(1790256763040)/,SYSTEM,-,SUCCESS
/Date(1790256763031)/,SYSTEM,-,SUCCESS
/Date(1790256761552)/,SYSTEM,-,SUCCESS
/Date(1790256761507)/,SYSTEM,-,SUCCESS
/Date(1790256761466)/,SYSTEM,-,SUCCESS
/Date(1790256761453)/,SYSTEM,-,SUCCESS
/Date(1790256761364)/,SYSTEM,-,SUCCESS
/Date(1790256761354)/,SYSTEM,-,SUCCESS
/Date(1790256737909)/,SYSTEM,-,SUCCESS
/Date(1790256659886)/,SYSTEM,-,SUCCESS
/Date(1790256392216)/,SYSTEM,-,SUCCESS
/Date(1790256323767)/,SYSTEM,-,SUCCESS
/Date(1790256300228)/,SYSTEM,-,SUCCESS
/Date(1790256255197)/,SYSTEM,-,SUCCESS
/Date(1790256078786)/,SYSTEM,-,SUCCESS
/Date(1790256066419)/,SYSTEM,-,SUCCESS
/Date(1790256052750)/,SYSTEM,-,SUCCESS
/Date(1790256025225)/,SYSTEM,-,SUCCESS
/Date(1790256017841)/,SYSTEM,-,SUCCESS
/Date(1790255892047)/,-,-,FAILED
/Date(1790255889107)/,SYSTEM,-,SUCCESS
/Date(1790255828180)/,SYSTEM,-,SUCCESS
/Date(1790255757716)/,SYSTEM,-,SUCCESS
/Date(1790255757543)/,greatguys85@gmail.com,-,SUCCESS
/Date(1790255757542)/,greatguys85@gmail.com,-,SUCCESS
/Date(1790255756933)/,greatguys85@gmail.com,127.0.0.1,SUCCESS
/Date(1790255756933)/,greatguys85@gmail.com,127.0.0.1,SUCCESS
/Date(1790255732878)/,SYSTEM,-,SUCCESS
/Date(1790255725970)/,SYSTEM,-,SUCCESS
/Date(1790255725962)/,SYSTEM,-,SUCCESS
/Date(1790255725901)/,SYSTEM,-,SUCCESS
/Date(1790255725859)/,SYSTEM,-,SUCCESS
/Date(1790255725853)/,SYSTEM,-,SUCCESS
/Date(1790255725847)/,SYSTEM,-,SUCCESS
/Date(1790255719541)/,SYSTEM,-,SUCCESS
/Date(1790255719536)/,SYSTEM,-,SUCCESS
/Date(1790255719497)/,SYSTEM,-,SUCCESS
/Date(1790255719443)/,SYSTEM,-,SUCCESS
/Date(1790255719369)/,SYSTEM,-,SUCCESS
/Date(1790255719336)/,SYSTEM,-,SUCCESS
/Date(1790250506823)/,SYSTEM,-,SUCCESS
/Date(1790250501725)/,SYSTEM,-,SUCCESS
/Date(1790244948517)/,SYSTEM,-,SUCCESS
/Date(1790244931219)/,SYSTEM,-,SUCCESS
/Date(1790244931025)/,SYSTEM,-,SUCCESS
/Date(1790244498318)/,greatguys85@gmail.com,-,SUCCESS
/Date(1790244498318)/,greatguys85@gmail.com,-,SUCCESS
/Date(1790244498254)/,greatguys85@gmail.com,127.0.0.1,SUCCESS
/Date(1790244498254)/,greatguys85@gmail.com,127.0.0.1,SUCCESS
/Date(1790244495463)/,SYSTEM,-,SUCCESS
/Date(1790244495456)/,SYSTEM,-,SUCCESS
/Date(1790244495442)/,SYSTEM,-,SUCCESS
/Date(1790244495434)/,SYSTEM,-,SUCCESS
/Date(1790244495422)/,SYSTEM,-,SUCCESS
/Date(1790244495411)/,SYSTEM,-,SUCCESS
/Date(1790244495013)/,SYSTEM,-,SUCCESS
/Date(1790244446616)/,SYSTEM,-,SUCCESS
/Date(1790244057889)/,SYSTEM,-,SUCCESS
/Date(1790244057881)/,SYSTEM,-,SUCCESS
/Date(1790244057869)/,SYSTEM,-,SUCCESS
/Date(1790244057791)/,SYSTEM,-,SUCCESS
/Date(1790244048416)/,SYSTEM,-,SUCCESS
/Date(1790244048240)/,SYSTEM,-,SUCCESS
/Date(1790244048231)/,SYSTEM,-,SUCCESS
/Date(1790244048224)/,SYSTEM,-,SUCCESS
/Date(1790244048217)/,SYSTEM,-,SUCCESS
/Date(1790244048206)/,SYSTEM,-,SUCCESS
/Date(1790244048196)/,SYSTEM,-,SUCCESS
/Date(1790244037842)/,SYSTEM,-,SUCCESS
/Date(1790244037832)/,SYSTEM,-,SUCCESS
/Date(1790244037816)/,SYSTEM,-,SUCCESS
/Date(1790244037810)/,SYSTEM,-,SUCCESS
/Date(1790244037784)/,SYSTEM,-,SUCCESS
/Date(1790244037776)/,SYSTEM,-,SUCCESS
/Date(1790244037683)/,SYSTEM,-,SUCCESS
/Date(1790243964378)/,SYSTEM,-,SUCCESS
/Date(1790243939934)/,SYSTEM,-,SUCCESS
/Date(1790243939926)/,SYSTEM,-,SUCCESS
/Date(1790243939918)/,SYSTEM,-,SUCCESS
/Date(1790243939908)/,SYSTEM,-,SUCCESS
/Date(1790243939898)/,SYSTEM,-,SUCCESS
/Date(1790243939885)/,SYSTEM,-,SUCCESS
/Date(1790243857102)/,greatguys85@gmail.com,-,SUCCESS
/Date(1790243857102)/,greatguys85@gmail.com,-,SUCCESS
/Date(1790243856898)/,greatguys85@gmail.com,127.0.0.1,SUCCESS
/Date(1790243856898)/,greatguys85@gmail.com,127.0.0.1,SUCCESS
/Date(1790243846824)/,SYSTEM,-,SUCCESS
